GEO.id,GEO.id2,GEO.display-label,HD01_VD01,HD02_VD01
Id,Id2,Geography,Estimate; Total,Margin of Error; Total
1500000US250250001001,250250001001,"Block Group 1, Census Tract 1, Suffolk County, Massachusetts",2086,482
1500000US250250001002,250250001002,"Block Group 2, Census Tract 1, Suffolk County, Massachusetts",918,274
1500000US250250001003,250250001003,"Block Group 3, Census Tract 1, Suffolk County, Massachusetts",536,218
1500000US250250001004,250250001004,"Block Group 4, Census Tract 1, Suffolk County, Massachusetts",1128,323
1500000US250250002011,250250002011,"Block Group 1, Census Tract 2.01, Suffolk County, Massachusetts",1225,225
1500000US250250002012,250250002012,"Block Group 2, Census Tract 2.01, Suffolk County, Massachusetts",624,200
1500000US250250002013,250250002013,"Block Group 3, Census Tract 2.01, Suffolk County, Massachusetts",1334,258
1500000US250250002014,250250002014,"Block Group 4, Census Tract 2.01, Suffolk County, Massachusetts",674,203
1500000US250250002021,250250002021,"Block Group 1, Census Tract 2.02, Suffolk County, Massachusetts",1262,258
1500000US250250002022,250250002022,"Block Group 2, Census Tract 2.02, Suffolk County, Massachusetts",992,212
1500000US250250002023,250250002023,"Block Group 3, Census Tract 2.02, Suffolk County, Massachusetts",929,281
1500000US250250002024,250250002024,"Block Group 4, Census Tract 2.02, Suffolk County, Massachusetts",799,407
1500000US250250003011,250250003011,"Block Group 1, Census Tract 3.01, Suffolk County, Massachusetts",679,206
1500000US250250003012,250250003012,"Block Group 2, Census Tract 3.01, Suffolk County, Massachusetts",974,249
1500000US250250003013,250250003013,"Block Group 3, Census Tract 3.01, Suffolk County, Massachusetts",590,221
1500000US250250003014,250250003014,"Block Group 4, Census Tract 3.01, Suffolk County, Massachusetts",662,173
1500000US250250003021,250250003021,"Block Group 1, Census Tract 3.02, Suffolk County, Massachusetts",1593,284
1500000US250250003022,250250003022,"Block Group 2, Census Tract 3.02, Suffolk County, Massachusetts",1792,483
1500000US250250004011,250250004011,"Block Group 1, Census Tract 4.01, Suffolk County, Massachusetts",1211,280
1500000US250250004012,250250004012,"Block Group 2, Census Tract 4.01, Suffolk County, Massachusetts",828,270
1500000US250250004013,250250004013,"Block Group 3, Census Tract 4.01, Suffolk County, Massachusetts",1084,270
1500000US250250004014,250250004014,"Block Group 4, Census Tract 4.01, Suffolk County, Massachusetts",1989,334
1500000US250250004021,250250004021,"Block Group 1, Census Tract 4.02, Suffolk County, Massachusetts",1069,205
1500000US250250004022,250250004022,"Block Group 2, Census Tract 4.02, Suffolk County, Massachusetts",935,209
1500000US250250004023,250250004023,"Block Group 3, Census Tract 4.02, Suffolk County, Massachusetts",1427,249
1500000US250250005021,250250005021,"Block Group 1, Census Tract 5.02, Suffolk County, Massachusetts",1014,139
1500000US250250005022,250250005022,"Block Group 2, Census Tract 5.02, Suffolk County, Massachusetts",783,190
1500000US250250005023,250250005023,"Block Group 3, Census Tract 5.02, Suffolk County, Massachusetts",1250,130
1500000US250250005024,250250005024,"Block Group 4, Census Tract 5.02, Suffolk County, Massachusetts",2834,253
1500000US250250005031,250250005031,"Block Group 1, Census Tract 5.03, Suffolk County, Massachusetts",789,191
1500000US250250005032,250250005032,"Block Group 2, Census Tract 5.03, Suffolk County, Massachusetts",1334,112
1500000US250250005041,250250005041,"Block Group 1, Census Tract 5.04, Suffolk County, Massachusetts",1178,367
1500000US250250005042,250250005042,"Block Group 2, Census Tract 5.04, Suffolk County, Massachusetts",1433,286
1500000US250250005043,250250005043,"Block Group 3, Census Tract 5.04, Suffolk County, Massachusetts",1213,271
1500000US250250005044,250250005044,"Block Group 4, Census Tract 5.04, Suffolk County, Massachusetts",625,197
1500000US250250006011,250250006011,"Block Group 1, Census Tract 6.01, Suffolk County, Massachusetts",810,244
1500000US250250006012,250250006012,"Block Group 2, Census Tract 6.01, Suffolk County, Massachusetts",1315,318
1500000US250250006013,250250006013,"Block Group 3, Census Tract 6.01, Suffolk County, Massachusetts",617,152
1500000US250250006014,250250006014,"Block Group 4, Census Tract 6.01, Suffolk County, Massachusetts",1058,209
1500000US250250006021,250250006021,"Block Group 1, Census Tract 6.02, Suffolk County, Massachusetts",1338,260
1500000US250250006022,250250006022,"Block Group 2, Census Tract 6.02, Suffolk County, Massachusetts",1010,291
1500000US250250006023,250250006023,"Block Group 3, Census Tract 6.02, Suffolk County, Massachusetts",1548,346
1500000US250250007011,250250007011,"Block Group 1, Census Tract 7.01, Suffolk County, Massachusetts",685,262
1500000US250250007012,250250007012,"Block Group 2, Census Tract 7.01, Suffolk County, Massachusetts",515,196
1500000US250250007013,250250007013,"Block Group 3, Census Tract 7.01, Suffolk County, Massachusetts",582,199
1500000US250250007014,250250007014,"Block Group 4, Census Tract 7.01, Suffolk County, Massachusetts",719,269
1500000US250250007015,250250007015,"Block Group 5, Census Tract 7.01, Suffolk County, Massachusetts",1795,446
1500000US250250007031,250250007031,"Block Group 1, Census Tract 7.03, Suffolk County, Massachusetts",862,160
1500000US250250007032,250250007032,"Block Group 2, Census Tract 7.03, Suffolk County, Massachusetts",1064,161
1500000US250250007041,250250007041,"Block Group 1, Census Tract 7.04, Suffolk County, Massachusetts",1653,410
1500000US250250007042,250250007042,"Block Group 2, Census Tract 7.04, Suffolk County, Massachusetts",764,202
1500000US250250007043,250250007043,"Block Group 3, Census Tract 7.04, Suffolk County, Massachusetts",1139,431
1500000US250250007044,250250007044,"Block Group 4, Census Tract 7.04, Suffolk County, Massachusetts",1026,259
1500000US250250008021,250250008021,"Block Group 1, Census Tract 8.02, Suffolk County, Massachusetts",1046,326
1500000US250250008022,250250008022,"Block Group 2, Census Tract 8.02, Suffolk County, Massachusetts",1666,506
1500000US250250008023,250250008023,"Block Group 3, Census Tract 8.02, Suffolk County, Massachusetts",665,233
1500000US250250008024,250250008024,"Block Group 4, Census Tract 8.02, Suffolk County, Massachusetts",1515,355
1500000US250250008025,250250008025,"Block Group 5, Census Tract 8.02, Suffolk County, Massachusetts",1706,362
1500000US250250008031,250250008031,"Block Group 1, Census Tract 8.03, Suffolk County, Massachusetts",2622,415
1500000US250250008032,250250008032,"Block Group 2, Census Tract 8.03, Suffolk County, Massachusetts",3635,659
1500000US250250101031,250250101031,"Block Group 1, Census Tract 101.03, Suffolk County, Massachusetts",1071,219
1500000US250250101032,250250101032,"Block Group 2, Census Tract 101.03, Suffolk County, Massachusetts",1148,309
1500000US250250101033,250250101033,"Block Group 3, Census Tract 101.03, Suffolk County, Massachusetts",1495,148
1500000US250250101041,250250101041,"Block Group 1, Census Tract 101.04, Suffolk County, Massachusetts",1279,186
1500000US250250101042,250250101042,"Block Group 2, Census Tract 101.04, Suffolk County, Massachusetts",2522,337
1500000US250250101043,250250101043,"Block Group 3, Census Tract 101.04, Suffolk County, Massachusetts",1090,225
1500000US250250102031,250250102031,"Block Group 1, Census Tract 102.03, Suffolk County, Massachusetts",1177,291
1500000US250250102032,250250102032,"Block Group 2, Census Tract 102.03, Suffolk County, Massachusetts",1973,418
1500000US250250102033,250250102033,"Block Group 3, Census Tract 102.03, Suffolk County, Massachusetts",1674,251
1500000US250250102034,250250102034,"Block Group 4, Census Tract 102.03, Suffolk County, Massachusetts",350,113
1500000US250250102041,250250102041,"Block Group 1, Census Tract 102.04, Suffolk County, Massachusetts",1301,224
1500000US250250102042,250250102042,"Block Group 2, Census Tract 102.04, Suffolk County, Massachusetts",1343,190
1500000US250250102043,250250102043,"Block Group 3, Census Tract 102.04, Suffolk County, Massachusetts",710,154
1500000US250250103001,250250103001,"Block Group 1, Census Tract 103, Suffolk County, Massachusetts",1394,149
1500000US250250103002,250250103002,"Block Group 2, Census Tract 103, Suffolk County, Massachusetts",3995,350
1500000US250250104031,250250104031,"Block Group 1, Census Tract 104.03, Suffolk County, Massachusetts",1005,197
1500000US250250104032,250250104032,"Block Group 2, Census Tract 104.03, Suffolk County, Massachusetts",967,187
1500000US250250104033,250250104033,"Block Group 3, Census Tract 104.03, Suffolk County, Massachusetts",897,244
1500000US250250104041,250250104041,"Block Group 1, Census Tract 104.04, Suffolk County, Massachusetts",1915,308
1500000US250250104042,250250104042,"Block Group 2, Census Tract 104.04, Suffolk County, Massachusetts",1676,270
1500000US250250104043,250250104043,"Block Group 3, Census Tract 104.04, Suffolk County, Massachusetts",1543,246
1500000US250250104051,250250104051,"Block Group 1, Census Tract 104.05, Suffolk County, Massachusetts",3056,322
1500000US250250104052,250250104052,"Block Group 2, Census Tract 104.05, Suffolk County, Massachusetts",2300,213
1500000US250250104053,250250104053,"Block Group 3, Census Tract 104.05, Suffolk County, Massachusetts",725,167
1500000US250250104081,250250104081,"Block Group 1, Census Tract 104.08, Suffolk County, Massachusetts",1381,121
1500000US250250105001,250250105001,"Block Group 1, Census Tract 105, Suffolk County, Massachusetts",1038,263
1500000US250250105002,250250105002,"Block Group 2, Census Tract 105, Suffolk County, Massachusetts",1233,223
1500000US250250105003,250250105003,"Block Group 3, Census Tract 105, Suffolk County, Massachusetts",1120,257
1500000US250250106001,250250106001,"Block Group 1, Census Tract 106, Suffolk County, Massachusetts",2061,325
1500000US250250106002,250250106002,"Block Group 2, Census Tract 106, Suffolk County, Massachusetts",1066,251
1500000US250250107011,250250107011,"Block Group 1, Census Tract 107.01, Suffolk County, Massachusetts",1135,186
1500000US250250107012,250250107012,"Block Group 2, Census Tract 107.01, Suffolk County, Massachusetts",734,168
1500000US250250107013,250250107013,"Block Group 3, Census Tract 107.01, Suffolk County, Massachusetts",837,155
1500000US250250107021,250250107021,"Block Group 1, Census Tract 107.02, Suffolk County, Massachusetts",806,154
1500000US250250107022,250250107022,"Block Group 2, Census Tract 107.02, Suffolk County, Massachusetts",770,134
1500000US250250107023,250250107023,"Block Group 3, Census Tract 107.02, Suffolk County, Massachusetts",1011,190
1500000US250250108011,250250108011,"Block Group 1, Census Tract 108.01, Suffolk County, Massachusetts",865,188
1500000US250250108012,250250108012,"Block Group 2, Census Tract 108.01, Suffolk County, Massachusetts",1226,226
1500000US250250108013,250250108013,"Block Group 3, Census Tract 108.01, Suffolk County, Massachusetts",1113,180
1500000US250250108021,250250108021,"Block Group 1, Census Tract 108.02, Suffolk County, Massachusetts",1078,183
1500000US250250108022,250250108022,"Block Group 2, Census Tract 108.02, Suffolk County, Massachusetts",1502,260
1500000US250250108023,250250108023,"Block Group 3, Census Tract 108.02, Suffolk County, Massachusetts",581,126
1500000US250250201011,250250201011,"Block Group 1, Census Tract 201.01, Suffolk County, Massachusetts",738,281
1500000US250250201012,250250201012,"Block Group 2, Census Tract 201.01, Suffolk County, Massachusetts",972,274
1500000US250250201013,250250201013,"Block Group 3, Census Tract 201.01, Suffolk County, Massachusetts",1631,352
1500000US250250201014,250250201014,"Block Group 4, Census Tract 201.01, Suffolk County, Massachusetts",1569,355
1500000US250250202001,250250202001,"Block Group 1, Census Tract 202, Suffolk County, Massachusetts",1350,255
1500000US250250202002,250250202002,"Block Group 2, Census Tract 202, Suffolk County, Massachusetts",1158,182
1500000US250250202003,250250202003,"Block Group 3, Census Tract 202, Suffolk County, Massachusetts",1279,291
1500000US250250203011,250250203011,"Block Group 1, Census Tract 203.01, Suffolk County, Massachusetts",413,118
1500000US250250203012,250250203012,"Block Group 2, Census Tract 203.01, Suffolk County, Massachusetts",1942,216
1500000US250250203021,250250203021,"Block Group 1, Census Tract 203.02, Suffolk County, Massachusetts",1054,142
1500000US250250203031,250250203031,"Block Group 1, Census Tract 203.03, Suffolk County, Massachusetts",960,181
1500000US250250203032,250250203032,"Block Group 2, Census Tract 203.03, Suffolk County, Massachusetts",1343,260
1500000US250250203033,250250203033,"Block Group 3, Census Tract 203.03, Suffolk County, Massachusetts",1515,317
1500000US250250301001,250250301001,"Block Group 1, Census Tract 301, Suffolk County, Massachusetts",1422,200
1500000US250250301002,250250301002,"Block Group 2, Census Tract 301, Suffolk County, Massachusetts",833,136
1500000US250250302001,250250302001,"Block Group 1, Census Tract 302, Suffolk County, Massachusetts",1697,163
1500000US250250303001,250250303001,"Block Group 1, Census Tract 303, Suffolk County, Massachusetts",2187,387
1500000US250250303002,250250303002,"Block Group 2, Census Tract 303, Suffolk County, Massachusetts",1453,518
1500000US250250303003,250250303003,"Block Group 3, Census Tract 303, Suffolk County, Massachusetts",1252,325
1500000US250250303004,250250303004,"Block Group 4, Census Tract 303, Suffolk County, Massachusetts",690,228
1500000US250250304001,250250304001,"Block Group 1, Census Tract 304, Suffolk County, Massachusetts",1541,294
1500000US250250304002,250250304002,"Block Group 2, Census Tract 304, Suffolk County, Massachusetts",1206,191
1500000US250250305001,250250305001,"Block Group 1, Census Tract 305, Suffolk County, Massachusetts",663,119
1500000US250250305002,250250305002,"Block Group 2, Census Tract 305, Suffolk County, Massachusetts",1082,177
1500000US250250305003,250250305003,"Block Group 3, Census Tract 305, Suffolk County, Massachusetts",827,184
1500000US250250401001,250250401001,"Block Group 1, Census Tract 401, Suffolk County, Massachusetts",1062,226
1500000US250250401002,250250401002,"Block Group 2, Census Tract 401, Suffolk County, Massachusetts",1403,223
1500000US250250402001,250250402001,"Block Group 1, Census Tract 402, Suffolk County, Massachusetts",917,248
1500000US250250402002,250250402002,"Block Group 2, Census Tract 402, Suffolk County, Massachusetts",1007,174
1500000US250250403001,250250403001,"Block Group 1, Census Tract 403, Suffolk County, Massachusetts",869,323
1500000US250250403002,250250403002,"Block Group 2, Census Tract 403, Suffolk County, Massachusetts",1284,205
1500000US250250403003,250250403003,"Block Group 3, Census Tract 403, Suffolk County, Massachusetts",568,154
1500000US250250403004,250250403004,"Block Group 4, Census Tract 403, Suffolk County, Massachusetts",700,174
1500000US250250403005,250250403005,"Block Group 5, Census Tract 403, Suffolk County, Massachusetts",771,200
1500000US250250404011,250250404011,"Block Group 1, Census Tract 404.01, Suffolk County, Massachusetts",2078,259
1500000US250250404012,250250404012,"Block Group 2, Census Tract 404.01, Suffolk County, Massachusetts",675,165
1500000US250250406001,250250406001,"Block Group 1, Census Tract 406, Suffolk County, Massachusetts",1153,245
1500000US250250406002,250250406002,"Block Group 2, Census Tract 406, Suffolk County, Massachusetts",1928,248
1500000US250250408011,250250408011,"Block Group 1, Census Tract 408.01, Suffolk County, Massachusetts",1250,297
1500000US250250408012,250250408012,"Block Group 2, Census Tract 408.01, Suffolk County, Massachusetts",896,351
1500000US250250408013,250250408013,"Block Group 3, Census Tract 408.01, Suffolk County, Massachusetts",2340,259
1500000US250250501011,250250501011,"Block Group 1, Census Tract 501.01, Suffolk County, Massachusetts",1968,476
1500000US250250501012,250250501012,"Block Group 2, Census Tract 501.01, Suffolk County, Massachusetts",1486,318
1500000US250250501013,250250501013,"Block Group 3, Census Tract 501.01, Suffolk County, Massachusetts",1905,458
1500000US250250502001,250250502001,"Block Group 1, Census Tract 502, Suffolk County, Massachusetts",2286,646
1500000US250250502002,250250502002,"Block Group 2, Census Tract 502, Suffolk County, Massachusetts",1292,370
1500000US250250502003,250250502003,"Block Group 3, Census Tract 502, Suffolk County, Massachusetts",1054,408
1500000US250250502004,250250502004,"Block Group 4, Census Tract 502, Suffolk County, Massachusetts",1493,515
1500000US250250503001,250250503001,"Block Group 1, Census Tract 503, Suffolk County, Massachusetts",649,197
1500000US250250503002,250250503002,"Block Group 2, Census Tract 503, Suffolk County, Massachusetts",1639,190
1500000US250250504001,250250504001,"Block Group 1, Census Tract 504, Suffolk County, Massachusetts",570,200
1500000US250250504002,250250504002,"Block Group 2, Census Tract 504, Suffolk County, Massachusetts",1990,311
1500000US250250505001,250250505001,"Block Group 1, Census Tract 505, Suffolk County, Massachusetts",2502,232
1500000US250250506001,250250506001,"Block Group 1, Census Tract 506, Suffolk County, Massachusetts",1334,332
1500000US250250506002,250250506002,"Block Group 2, Census Tract 506, Suffolk County, Massachusetts",1075,321
1500000US250250507001,250250507001,"Block Group 1, Census Tract 507, Suffolk County, Massachusetts",2798,522
1500000US250250507002,250250507002,"Block Group 2, Census Tract 507, Suffolk County, Massachusetts",1503,388
1500000US250250507003,250250507003,"Block Group 3, Census Tract 507, Suffolk County, Massachusetts",1293,445
1500000US250250509011,250250509011,"Block Group 1, Census Tract 509.01, Suffolk County, Massachusetts",1565,423
1500000US250250509012,250250509012,"Block Group 2, Census Tract 509.01, Suffolk County, Massachusetts",1873,322
1500000US250250509013,250250509013,"Block Group 3, Census Tract 509.01, Suffolk County, Massachusetts",1080,381
1500000US250250510001,250250510001,"Block Group 1, Census Tract 510, Suffolk County, Massachusetts",2134,451
1500000US250250510002,250250510002,"Block Group 2, Census Tract 510, Suffolk County, Massachusetts",1255,377
1500000US250250510003,250250510003,"Block Group 3, Census Tract 510, Suffolk County, Massachusetts",1270,388
1500000US250250511011,250250511011,"Block Group 1, Census Tract 511.01, Suffolk County, Massachusetts",2242,644
1500000US250250511012,250250511012,"Block Group 2, Census Tract 511.01, Suffolk County, Massachusetts",2185,561
1500000US250250511013,250250511013,"Block Group 3, Census Tract 511.01, Suffolk County, Massachusetts",1805,594
1500000US250250511014,250250511014,"Block Group 4, Census Tract 511.01, Suffolk County, Massachusetts",1085,331
1500000US250250512001,250250512001,"Block Group 1, Census Tract 512, Suffolk County, Massachusetts",204,127
1500000US250250512002,250250512002,"Block Group 2, Census Tract 512, Suffolk County, Massachusetts",1805,286
1500000US250250512003,250250512003,"Block Group 3, Census Tract 512, Suffolk County, Massachusetts",889,158
1500000US250250601011,250250601011,"Block Group 1, Census Tract 601.01, Suffolk County, Massachusetts",1142,238
1500000US250250601012,250250601012,"Block Group 2, Census Tract 601.01, Suffolk County, Massachusetts",674,135
1500000US250250601013,250250601013,"Block Group 3, Census Tract 601.01, Suffolk County, Massachusetts",1009,232
1500000US250250601014,250250601014,"Block Group 4, Census Tract 601.01, Suffolk County, Massachusetts",805,153
1500000US250250602001,250250602001,"Block Group 1, Census Tract 602, Suffolk County, Massachusetts",992,213
1500000US250250602002,250250602002,"Block Group 2, Census Tract 602, Suffolk County, Massachusetts",1338,278
1500000US250250603011,250250603011,"Block Group 1, Census Tract 603.01, Suffolk County, Massachusetts",1354,292
1500000US250250603012,250250603012,"Block Group 2, Census Tract 603.01, Suffolk County, Massachusetts",704,245
1500000US250250603013,250250603013,"Block Group 3, Census Tract 603.01, Suffolk County, Massachusetts",1524,341
1500000US250250604001,250250604001,"Block Group 1, Census Tract 604, Suffolk County, Massachusetts",1396,421
1500000US250250604002,250250604002,"Block Group 2, Census Tract 604, Suffolk County, Massachusetts",1230,292
1500000US250250604003,250250604003,"Block Group 3, Census Tract 604, Suffolk County, Massachusetts",1206,436
1500000US250250604004,250250604004,"Block Group 4, Census Tract 604, Suffolk County, Massachusetts",987,218
1500000US250250604005,250250604005,"Block Group 5, Census Tract 604, Suffolk County, Massachusetts",833,285
1500000US250250605011,250250605011,"Block Group 1, Census Tract 605.01, Suffolk County, Massachusetts",922,277
1500000US250250605012,250250605012,"Block Group 2, Census Tract 605.01, Suffolk County, Massachusetts",1278,291
1500000US250250605013,250250605013,"Block Group 3, Census Tract 605.01, Suffolk County, Massachusetts",761,183
1500000US250250605014,250250605014,"Block Group 4, Census Tract 605.01, Suffolk County, Massachusetts",727,208
1500000US250250605015,250250605015,"Block Group 5, Census Tract 605.01, Suffolk County, Massachusetts",515,144
1500000US250250606001,250250606001,"Block Group 1, Census Tract 606, Suffolk County, Massachusetts",3219,292
1500000US250250607001,250250607001,"Block Group 1, Census Tract 607, Suffolk County, Massachusetts",955,215
1500000US250250607002,250250607002,"Block Group 2, Census Tract 607, Suffolk County, Massachusetts",1669,242
1500000US250250608001,250250608001,"Block Group 1, Census Tract 608, Suffolk County, Massachusetts",621,215
1500000US250250608002,250250608002,"Block Group 2, Census Tract 608, Suffolk County, Massachusetts",1018,367
1500000US250250608003,250250608003,"Block Group 3, Census Tract 608, Suffolk County, Massachusetts",903,264
1500000US250250608004,250250608004,"Block Group 4, Census Tract 608, Suffolk County, Massachusetts",1827,405
1500000US250250610001,250250610001,"Block Group 1, Census Tract 610, Suffolk County, Massachusetts",1355,332
1500000US250250610002,250250610002,"Block Group 2, Census Tract 610, Suffolk County, Massachusetts",1162,374
1500000US250250610003,250250610003,"Block Group 3, Census Tract 610, Suffolk County, Massachusetts",777,287
1500000US250250611011,250250611011,"Block Group 1, Census Tract 611.01, Suffolk County, Massachusetts",540,135
1500000US250250611012,250250611012,"Block Group 2, Census Tract 611.01, Suffolk County, Massachusetts",1723,199
1500000US250250612001,250250612001,"Block Group 1, Census Tract 612, Suffolk County, Massachusetts",2499,300
1500000US250250612002,250250612002,"Block Group 2, Census Tract 612, Suffolk County, Massachusetts",597,226
1500000US250250612003,250250612003,"Block Group 3, Census Tract 612, Suffolk County, Massachusetts",1169,330
1500000US250250701011,250250701011,"Block Group 1, Census Tract 701.01, Suffolk County, Massachusetts",1056,271
1500000US250250701012,250250701012,"Block Group 2, Census Tract 701.01, Suffolk County, Massachusetts",441,214
1500000US250250701013,250250701013,"Block Group 3, Census Tract 701.01, Suffolk County, Massachusetts",824,269
1500000US250250701014,250250701014,"Block Group 4, Census Tract 701.01, Suffolk County, Massachusetts",1875,376
1500000US250250701015,250250701015,"Block Group 5, Census Tract 701.01, Suffolk County, Massachusetts",306,271
1500000US250250701016,250250701016,"Block Group 6, Census Tract 701.01, Suffolk County, Massachusetts",562,152
1500000US250250701017,250250701017,"Block Group 7, Census Tract 701.01, Suffolk County, Massachusetts",1075,282
1500000US250250701018,250250701018,"Block Group 8, Census Tract 701.01, Suffolk County, Massachusetts",357,99
1500000US250250702001,250250702001,"Block Group 1, Census Tract 702, Suffolk County, Massachusetts",1114,381
1500000US250250702002,250250702002,"Block Group 2, Census Tract 702, Suffolk County, Massachusetts",1108,285
1500000US250250702003,250250702003,"Block Group 3, Census Tract 702, Suffolk County, Massachusetts",3281,358
1500000US250250703001,250250703001,"Block Group 1, Census Tract 703, Suffolk County, Massachusetts",1142,234
1500000US250250703002,250250703002,"Block Group 2, Census Tract 703, Suffolk County, Massachusetts",854,265
1500000US250250703003,250250703003,"Block Group 3, Census Tract 703, Suffolk County, Massachusetts",1198,315
1500000US250250703004,250250703004,"Block Group 4, Census Tract 703, Suffolk County, Massachusetts",1259,361
1500000US250250704021,250250704021,"Block Group 1, Census Tract 704.02, Suffolk County, Massachusetts",2207,209
1500000US250250705001,250250705001,"Block Group 1, Census Tract 705, Suffolk County, Massachusetts",2110,304
1500000US250250705002,250250705002,"Block Group 2, Census Tract 705, Suffolk County, Massachusetts",506,224
1500000US250250705003,250250705003,"Block Group 3, Census Tract 705, Suffolk County, Massachusetts",1743,346
1500000US250250705004,250250705004,"Block Group 4, Census Tract 705, Suffolk County, Massachusetts",1546,465
1500000US250250706001,250250706001,"Block Group 1, Census Tract 706, Suffolk County, Massachusetts",1128,248
1500000US250250706002,250250706002,"Block Group 2, Census Tract 706, Suffolk County, Massachusetts",1379,280
1500000US250250707001,250250707001,"Block Group 1, Census Tract 707, Suffolk County, Massachusetts",1200,226
1500000US250250707002,250250707002,"Block Group 2, Census Tract 707, Suffolk County, Massachusetts",1583,288
1500000US250250708001,250250708001,"Block Group 1, Census Tract 708, Suffolk County, Massachusetts",1487,266
1500000US250250708002,250250708002,"Block Group 2, Census Tract 708, Suffolk County, Massachusetts",1036,270
1500000US250250708003,250250708003,"Block Group 3, Census Tract 708, Suffolk County, Massachusetts",929,199
1500000US250250709001,250250709001,"Block Group 1, Census Tract 709, Suffolk County, Massachusetts",2040,254
1500000US250250709002,250250709002,"Block Group 2, Census Tract 709, Suffolk County, Massachusetts",926,284
1500000US250250711011,250250711011,"Block Group 1, Census Tract 711.01, Suffolk County, Massachusetts",1866,399
1500000US250250711012,250250711012,"Block Group 2, Census Tract 711.01, Suffolk County, Massachusetts",1582,378
1500000US250250711013,250250711013,"Block Group 3, Census Tract 711.01, Suffolk County, Massachusetts",738,272
1500000US250250712011,250250712011,"Block Group 1, Census Tract 712.01, Suffolk County, Massachusetts",2035,485
1500000US250250712012,250250712012,"Block Group 2, Census Tract 712.01, Suffolk County, Massachusetts",1546,332
1500000US250250801001,250250801001,"Block Group 1, Census Tract 801, Suffolk County, Massachusetts",2142,279
1500000US250250801002,250250801002,"Block Group 2, Census Tract 801, Suffolk County, Massachusetts",582,221
1500000US250250803001,250250803001,"Block Group 1, Census Tract 803, Suffolk County, Massachusetts",2342,375
1500000US250250804011,250250804011,"Block Group 1, Census Tract 804.01, Suffolk County, Massachusetts",1476,342
1500000US250250804012,250250804012,"Block Group 2, Census Tract 804.01, Suffolk County, Massachusetts",1615,270
1500000US250250805001,250250805001,"Block Group 1, Census Tract 805, Suffolk County, Massachusetts",1028,238
1500000US250250805002,250250805002,"Block Group 2, Census Tract 805, Suffolk County, Massachusetts",2095,322
1500000US250250806011,250250806011,"Block Group 1, Census Tract 806.01, Suffolk County, Massachusetts",2977,712
1500000US250250806012,250250806012,"Block Group 2, Census Tract 806.01, Suffolk County, Massachusetts",966,285
1500000US250250806013,250250806013,"Block Group 3, Census Tract 806.01, Suffolk County, Massachusetts",391,93
1500000US250250808011,250250808011,"Block Group 1, Census Tract 808.01, Suffolk County, Massachusetts",2653,600
1500000US250250808012,250250808012,"Block Group 2, Census Tract 808.01, Suffolk County, Massachusetts",1840,258
1500000US250250809001,250250809001,"Block Group 1, Census Tract 809, Suffolk County, Massachusetts",1245,245
1500000US250250809002,250250809002,"Block Group 2, Census Tract 809, Suffolk County, Massachusetts",1507,338
1500000US250250809003,250250809003,"Block Group 3, Census Tract 809, Suffolk County, Massachusetts",1034,231
1500000US250250810011,250250810011,"Block Group 1, Census Tract 810.01, Suffolk County, Massachusetts",625,307
1500000US250250810012,250250810012,"Block Group 2, Census Tract 810.01, Suffolk County, Massachusetts",2430,365
1500000US250250810013,250250810013,"Block Group 3, Census Tract 810.01, Suffolk County, Massachusetts",833,291
1500000US250250810014,250250810014,"Block Group 4, Census Tract 810.01, Suffolk County, Massachusetts",1105,297
1500000US250250811001,250250811001,"Block Group 1, Census Tract 811, Suffolk County, Massachusetts",1352,290
1500000US250250811002,250250811002,"Block Group 2, Census Tract 811, Suffolk County, Massachusetts",1808,238
1500000US250250811003,250250811003,"Block Group 3, Census Tract 811, Suffolk County, Massachusetts",974,185
1500000US250250812001,250250812001,"Block Group 1, Census Tract 812, Suffolk County, Massachusetts",2050,419
1500000US250250812002,250250812002,"Block Group 2, Census Tract 812, Suffolk County, Massachusetts",1527,312
1500000US250250813001,250250813001,"Block Group 1, Census Tract 813, Suffolk County, Massachusetts",1785,536
1500000US250250813002,250250813002,"Block Group 2, Census Tract 813, Suffolk County, Massachusetts",2179,519
1500000US250250813003,250250813003,"Block Group 3, Census Tract 813, Suffolk County, Massachusetts",1609,579
1500000US250250814001,250250814001,"Block Group 1, Census Tract 814, Suffolk County, Massachusetts",821,178
1500000US250250814002,250250814002,"Block Group 2, Census Tract 814, Suffolk County, Massachusetts",693,233
1500000US250250814003,250250814003,"Block Group 3, Census Tract 814, Suffolk County, Massachusetts",1406,247
1500000US250250815001,250250815001,"Block Group 1, Census Tract 815, Suffolk County, Massachusetts",901,321
1500000US250250815002,250250815002,"Block Group 2, Census Tract 815, Suffolk County, Massachusetts",1552,330
1500000US250250817001,250250817001,"Block Group 1, Census Tract 817, Suffolk County, Massachusetts",481,205
1500000US250250817002,250250817002,"Block Group 2, Census Tract 817, Suffolk County, Massachusetts",815,260
1500000US250250817003,250250817003,"Block Group 3, Census Tract 817, Suffolk County, Massachusetts",719,300
1500000US250250817004,250250817004,"Block Group 4, Census Tract 817, Suffolk County, Massachusetts",732,275
1500000US250250817005,250250817005,"Block Group 5, Census Tract 817, Suffolk County, Massachusetts",1135,444
1500000US250250818001,250250818001,"Block Group 1, Census Tract 818, Suffolk County, Massachusetts",1050,584
1500000US250250818002,250250818002,"Block Group 2, Census Tract 818, Suffolk County, Massachusetts",1439,417
1500000US250250818003,250250818003,"Block Group 3, Census Tract 818, Suffolk County, Massachusetts",1046,442
1500000US250250819001,250250819001,"Block Group 1, Census Tract 819, Suffolk County, Massachusetts",928,308
1500000US250250819002,250250819002,"Block Group 2, Census Tract 819, Suffolk County, Massachusetts",826,209
1500000US250250819003,250250819003,"Block Group 3, Census Tract 819, Suffolk County, Massachusetts",744,416
1500000US250250819004,250250819004,"Block Group 4, Census Tract 819, Suffolk County, Massachusetts",1049,315
1500000US250250820001,250250820001,"Block Group 1, Census Tract 820, Suffolk County, Massachusetts",1415,388
1500000US250250820002,250250820002,"Block Group 2, Census Tract 820, Suffolk County, Massachusetts",472,191
1500000US250250820003,250250820003,"Block Group 3, Census Tract 820, Suffolk County, Massachusetts",1020,393
1500000US250250821001,250250821001,"Block Group 1, Census Tract 821, Suffolk County, Massachusetts",593,289
1500000US250250821002,250250821002,"Block Group 2, Census Tract 821, Suffolk County, Massachusetts",2501,715
1500000US250250821003,250250821003,"Block Group 3, Census Tract 821, Suffolk County, Massachusetts",2302,503
1500000US250250901001,250250901001,"Block Group 1, Census Tract 901, Suffolk County, Massachusetts",1463,260
1500000US250250901002,250250901002,"Block Group 2, Census Tract 901, Suffolk County, Massachusetts",737,251
1500000US250250901003,250250901003,"Block Group 3, Census Tract 901, Suffolk County, Massachusetts",792,246
1500000US250250901004,250250901004,"Block Group 4, Census Tract 901, Suffolk County, Massachusetts",1255,376
1500000US250250901005,250250901005,"Block Group 5, Census Tract 901, Suffolk County, Massachusetts",702,277
1500000US250250902001,250250902001,"Block Group 1, Census Tract 902, Suffolk County, Massachusetts",730,183
1500000US250250902002,250250902002,"Block Group 2, Census Tract 902, Suffolk County, Massachusetts",860,206
1500000US250250902003,250250902003,"Block Group 3, Census Tract 902, Suffolk County, Massachusetts",865,241
1500000US250250903001,250250903001,"Block Group 1, Census Tract 903, Suffolk County, Massachusetts",1008,386
1500000US250250903002,250250903002,"Block Group 2, Census Tract 903, Suffolk County, Massachusetts",1507,303
1500000US250250903003,250250903003,"Block Group 3, Census Tract 903, Suffolk County, Massachusetts",874,398
1500000US250250904001,250250904001,"Block Group 1, Census Tract 904, Suffolk County, Massachusetts",474,197
1500000US250250904002,250250904002,"Block Group 2, Census Tract 904, Suffolk County, Massachusetts",2251,612
1500000US250250904003,250250904003,"Block Group 3, Census Tract 904, Suffolk County, Massachusetts",760,392
1500000US250250904004,250250904004,"Block Group 4, Census Tract 904, Suffolk County, Massachusetts",825,390
1500000US250250906001,250250906001,"Block Group 1, Census Tract 906, Suffolk County, Massachusetts",1113,299
1500000US250250906002,250250906002,"Block Group 2, Census Tract 906, Suffolk County, Massachusetts",1329,243
1500000US250250907001,250250907001,"Block Group 1, Census Tract 907, Suffolk County, Massachusetts",1059,358
1500000US250250907002,250250907002,"Block Group 2, Census Tract 907, Suffolk County, Massachusetts",1075,247
1500000US250250907003,250250907003,"Block Group 3, Census Tract 907, Suffolk County, Massachusetts",1263,270
1500000US250250907004,250250907004,"Block Group 4, Census Tract 907, Suffolk County, Massachusetts",782,352
1500000US250250909011,250250909011,"Block Group 1, Census Tract 909.01, Suffolk County, Massachusetts",1958,326
1500000US250250909012,250250909012,"Block Group 2, Census Tract 909.01, Suffolk County, Massachusetts",1895,301
1500000US250250910011,250250910011,"Block Group 1, Census Tract 910.01, Suffolk County, Massachusetts",833,227
1500000US250250910012,250250910012,"Block Group 2, Census Tract 910.01, Suffolk County, Massachusetts",882,292
1500000US250250910013,250250910013,"Block Group 3, Census Tract 910.01, Suffolk County, Massachusetts",523,165
1500000US250250910014,250250910014,"Block Group 4, Census Tract 910.01, Suffolk County, Massachusetts",808,194
1500000US250250911001,250250911001,"Block Group 1, Census Tract 911, Suffolk County, Massachusetts",1665,357
1500000US250250911002,250250911002,"Block Group 2, Census Tract 911, Suffolk County, Massachusetts",1014,236
1500000US250250911003,250250911003,"Block Group 3, Census Tract 911, Suffolk County, Massachusetts",851,358
1500000US250250911004,250250911004,"Block Group 4, Census Tract 911, Suffolk County, Massachusetts",857,284
1500000US250250911005,250250911005,"Block Group 5, Census Tract 911, Suffolk County, Massachusetts",657,209
1500000US250250912001,250250912001,"Block Group 1, Census Tract 912, Suffolk County, Massachusetts",1273,314
1500000US250250912002,250250912002,"Block Group 2, Census Tract 912, Suffolk County, Massachusetts",1053,292
1500000US250250912003,250250912003,"Block Group 3, Census Tract 912, Suffolk County, Massachusetts",696,190
1500000US250250913001,250250913001,"Block Group 1, Census Tract 913, Suffolk County, Massachusetts",1227,236
1500000US250250913002,250250913002,"Block Group 2, Census Tract 913, Suffolk County, Massachusetts",1332,231
1500000US250250914001,250250914001,"Block Group 1, Census Tract 914, Suffolk County, Massachusetts",1929,268
1500000US250250914002,250250914002,"Block Group 2, Census Tract 914, Suffolk County, Massachusetts",1160,254
1500000US250250915001,250250915001,"Block Group 1, Census Tract 915, Suffolk County, Massachusetts",2162,429
1500000US250250915002,250250915002,"Block Group 2, Census Tract 915, Suffolk County, Massachusetts",2031,371
1500000US250250915003,250250915003,"Block Group 3, Census Tract 915, Suffolk County, Massachusetts",1013,337
1500000US250250916001,250250916001,"Block Group 1, Census Tract 916, Suffolk County, Massachusetts",1595,378
1500000US250250916002,250250916002,"Block Group 2, Census Tract 916, Suffolk County, Massachusetts",1056,364
1500000US250250916003,250250916003,"Block Group 3, Census Tract 916, Suffolk County, Massachusetts",307,130
1500000US250250917001,250250917001,"Block Group 1, Census Tract 917, Suffolk County, Massachusetts",1313,279
1500000US250250917002,250250917002,"Block Group 2, Census Tract 917, Suffolk County, Massachusetts",1168,301
1500000US250250917003,250250917003,"Block Group 3, Census Tract 917, Suffolk County, Massachusetts",764,235
1500000US250250918001,250250918001,"Block Group 1, Census Tract 918, Suffolk County, Massachusetts",1256,351
1500000US250250918002,250250918002,"Block Group 2, Census Tract 918, Suffolk County, Massachusetts",1457,400
1500000US250250918003,250250918003,"Block Group 3, Census Tract 918, Suffolk County, Massachusetts",918,348
1500000US250250919001,250250919001,"Block Group 1, Census Tract 919, Suffolk County, Massachusetts",1233,336
1500000US250250919002,250250919002,"Block Group 2, Census Tract 919, Suffolk County, Massachusetts",760,283
1500000US250250919003,250250919003,"Block Group 3, Census Tract 919, Suffolk County, Massachusetts",1445,397
1500000US250250919004,250250919004,"Block Group 4, Census Tract 919, Suffolk County, Massachusetts",572,220
1500000US250250920001,250250920001,"Block Group 1, Census Tract 920, Suffolk County, Massachusetts",1514,384
1500000US250250920002,250250920002,"Block Group 2, Census Tract 920, Suffolk County, Massachusetts",1623,346
1500000US250250920003,250250920003,"Block Group 3, Census Tract 920, Suffolk County, Massachusetts",901,393
1500000US250250920004,250250920004,"Block Group 4, Census Tract 920, Suffolk County, Massachusetts",1387,347
1500000US250250921011,250250921011,"Block Group 1, Census Tract 921.01, Suffolk County, Massachusetts",837,488
1500000US250250921012,250250921012,"Block Group 2, Census Tract 921.01, Suffolk County, Massachusetts",1264,537
1500000US250250921013,250250921013,"Block Group 3, Census Tract 921.01, Suffolk County, Massachusetts",1264,504
1500000US250250921014,250250921014,"Block Group 4, Census Tract 921.01, Suffolk County, Massachusetts",871,384
1500000US250250921015,250250921015,"Block Group 5, Census Tract 921.01, Suffolk County, Massachusetts",2905,796
1500000US250250922001,250250922001,"Block Group 1, Census Tract 922, Suffolk County, Massachusetts",1117,353
1500000US250250922002,250250922002,"Block Group 2, Census Tract 922, Suffolk County, Massachusetts",853,398
1500000US250250922003,250250922003,"Block Group 3, Census Tract 922, Suffolk County, Massachusetts",802,240
1500000US250250922004,250250922004,"Block Group 4, Census Tract 922, Suffolk County, Massachusetts",493,138
1500000US250250923001,250250923001,"Block Group 1, Census Tract 923, Suffolk County, Massachusetts",822,228
1500000US250250923002,250250923002,"Block Group 2, Census Tract 923, Suffolk County, Massachusetts",736,169
1500000US250250923003,250250923003,"Block Group 3, Census Tract 923, Suffolk County, Massachusetts",1332,279
1500000US250250923004,250250923004,"Block Group 4, Census Tract 923, Suffolk County, Massachusetts",629,219
1500000US250250924001,250250924001,"Block Group 1, Census Tract 924, Suffolk County, Massachusetts",694,402
1500000US250250924002,250250924002,"Block Group 2, Census Tract 924, Suffolk County, Massachusetts",1281,423
1500000US250250924003,250250924003,"Block Group 3, Census Tract 924, Suffolk County, Massachusetts",2020,619
1500000US250250924004,250250924004,"Block Group 4, Census Tract 924, Suffolk County, Massachusetts",1213,441
1500000US250250924005,250250924005,"Block Group 5, Census Tract 924, Suffolk County, Massachusetts",776,327
1500000US250251001001,250251001001,"Block Group 1, Census Tract 1001, Suffolk County, Massachusetts",525,187
1500000US250251001002,250251001002,"Block Group 2, Census Tract 1001, Suffolk County, Massachusetts",1313,412
1500000US250251001003,250251001003,"Block Group 3, Census Tract 1001, Suffolk County, Massachusetts",1499,523
1500000US250251001004,250251001004,"Block Group 4, Census Tract 1001, Suffolk County, Massachusetts",805,264
1500000US250251001005,250251001005,"Block Group 5, Census Tract 1001, Suffolk County, Massachusetts",404,199
1500000US250251001006,250251001006,"Block Group 6, Census Tract 1001, Suffolk County, Massachusetts",1445,323
1500000US250251001007,250251001007,"Block Group 7, Census Tract 1001, Suffolk County, Massachusetts",751,222
1500000US250251002001,250251002001,"Block Group 1, Census Tract 1002, Suffolk County, Massachusetts",1110,209
1500000US250251002002,250251002002,"Block Group 2, Census Tract 1002, Suffolk County, Massachusetts",612,233
1500000US250251002003,250251002003,"Block Group 3, Census Tract 1002, Suffolk County, Massachusetts",1451,248
1500000US250251003001,250251003001,"Block Group 1, Census Tract 1003, Suffolk County, Massachusetts",1489,425
1500000US250251003002,250251003002,"Block Group 2, Census Tract 1003, Suffolk County, Massachusetts",1097,266
1500000US250251003003,250251003003,"Block Group 3, Census Tract 1003, Suffolk County, Massachusetts",623,219
1500000US250251003004,250251003004,"Block Group 4, Census Tract 1003, Suffolk County, Massachusetts",855,305
1500000US250251004001,250251004001,"Block Group 1, Census Tract 1004, Suffolk County, Massachusetts",1491,416
1500000US250251004002,250251004002,"Block Group 2, Census Tract 1004, Suffolk County, Massachusetts",1323,505
1500000US250251004003,250251004003,"Block Group 3, Census Tract 1004, Suffolk County, Massachusetts",932,346
1500000US250251004004,250251004004,"Block Group 4, Census Tract 1004, Suffolk County, Massachusetts",1921,559
1500000US250251005001,250251005001,"Block Group 1, Census Tract 1005, Suffolk County, Massachusetts",1042,398
1500000US250251005002,250251005002,"Block Group 2, Census Tract 1005, Suffolk County, Massachusetts",1116,279
1500000US250251005003,250251005003,"Block Group 3, Census Tract 1005, Suffolk County, Massachusetts",1065,461
1500000US250251005004,250251005004,"Block Group 4, Census Tract 1005, Suffolk County, Massachusetts",2268,835
1500000US250251005005,250251005005,"Block Group 5, Census Tract 1005, Suffolk County, Massachusetts",1846,638
1500000US250251006011,250251006011,"Block Group 1, Census Tract 1006.01, Suffolk County, Massachusetts",1018,406
1500000US250251006012,250251006012,"Block Group 2, Census Tract 1006.01, Suffolk County, Massachusetts",1137,534
1500000US250251006013,250251006013,"Block Group 3, Census Tract 1006.01, Suffolk County, Massachusetts",1793,533
1500000US250251006014,250251006014,"Block Group 4, Census Tract 1006.01, Suffolk County, Massachusetts",1955,403
1500000US250251006031,250251006031,"Block Group 1, Census Tract 1006.03, Suffolk County, Massachusetts",1402,243
1500000US250251006032,250251006032,"Block Group 2, Census Tract 1006.03, Suffolk County, Massachusetts",690,191
1500000US250251007001,250251007001,"Block Group 1, Census Tract 1007, Suffolk County, Massachusetts",886,272
1500000US250251007002,250251007002,"Block Group 2, Census Tract 1007, Suffolk County, Massachusetts",1117,300
1500000US250251007003,250251007003,"Block Group 3, Census Tract 1007, Suffolk County, Massachusetts",736,281
1500000US250251007004,250251007004,"Block Group 4, Census Tract 1007, Suffolk County, Massachusetts",962,280
1500000US250251007005,250251007005,"Block Group 5, Census Tract 1007, Suffolk County, Massachusetts",716,289
1500000US250251008001,250251008001,"Block Group 1, Census Tract 1008, Suffolk County, Massachusetts",634,471
1500000US250251008002,250251008002,"Block Group 2, Census Tract 1008, Suffolk County, Massachusetts",972,310
1500000US250251008003,250251008003,"Block Group 3, Census Tract 1008, Suffolk County, Massachusetts",794,314
1500000US250251008004,250251008004,"Block Group 4, Census Tract 1008, Suffolk County, Massachusetts",1753,561
1500000US250251008005,250251008005,"Block Group 5, Census Tract 1008, Suffolk County, Massachusetts",948,381
1500000US250251008006,250251008006,"Block Group 6, Census Tract 1008, Suffolk County, Massachusetts",1482,505
1500000US250251009001,250251009001,"Block Group 1, Census Tract 1009, Suffolk County, Massachusetts",689,211
1500000US250251009002,250251009002,"Block Group 2, Census Tract 1009, Suffolk County, Massachusetts",659,313
1500000US250251009003,250251009003,"Block Group 3, Census Tract 1009, Suffolk County, Massachusetts",977,265
1500000US250251009004,250251009004,"Block Group 4, Census Tract 1009, Suffolk County, Massachusetts",730,311
1500000US250251009005,250251009005,"Block Group 5, Census Tract 1009, Suffolk County, Massachusetts",1141,348
1500000US250251010011,250251010011,"Block Group 1, Census Tract 1010.01, Suffolk County, Massachusetts",411,206
1500000US250251010012,250251010012,"Block Group 2, Census Tract 1010.01, Suffolk County, Massachusetts",618,296
1500000US250251010013,250251010013,"Block Group 3, Census Tract 1010.01, Suffolk County, Massachusetts",627,309
1500000US250251010014,250251010014,"Block Group 4, Census Tract 1010.01, Suffolk County, Massachusetts",1865,723
1500000US250251010015,250251010015,"Block Group 5, Census Tract 1010.01, Suffolk County, Massachusetts",912,388
1500000US250251010016,250251010016,"Block Group 6, Census Tract 1010.01, Suffolk County, Massachusetts",1912,924
1500000US250251010021,250251010021,"Block Group 1, Census Tract 1010.02, Suffolk County, Massachusetts",1012,369
1500000US250251010022,250251010022,"Block Group 2, Census Tract 1010.02, Suffolk County, Massachusetts",2457,578
1500000US250251010023,250251010023,"Block Group 3, Census Tract 1010.02, Suffolk County, Massachusetts",2310,527
1500000US250251011011,250251011011,"Block Group 1, Census Tract 1011.01, Suffolk County, Massachusetts",1030,393
1500000US250251011012,250251011012,"Block Group 2, Census Tract 1011.01, Suffolk County, Massachusetts",1255,296
1500000US250251011013,250251011013,"Block Group 3, Census Tract 1011.01, Suffolk County, Massachusetts",1504,304
1500000US250251011021,250251011021,"Block Group 1, Census Tract 1011.02, Suffolk County, Massachusetts",1020,312
1500000US250251011022,250251011022,"Block Group 2, Census Tract 1011.02, Suffolk County, Massachusetts",1641,369
1500000US250251011023,250251011023,"Block Group 3, Census Tract 1011.02, Suffolk County, Massachusetts",1067,343
1500000US250251011024,250251011024,"Block Group 4, Census Tract 1011.02, Suffolk County, Massachusetts",1340,408
1500000US250251101031,250251101031,"Block Group 1, Census Tract 1101.03, Suffolk County, Massachusetts",833,319
1500000US250251101032,250251101032,"Block Group 2, Census Tract 1101.03, Suffolk County, Massachusetts",660,434
1500000US250251101033,250251101033,"Block Group 3, Census Tract 1101.03, Suffolk County, Massachusetts",271,169
1500000US250251101034,250251101034,"Block Group 4, Census Tract 1101.03, Suffolk County, Massachusetts",789,347
1500000US250251101035,250251101035,"Block Group 5, Census Tract 1101.03, Suffolk County, Massachusetts",1708,506
1500000US250251101036,250251101036,"Block Group 6, Census Tract 1101.03, Suffolk County, Massachusetts",954,342
1500000US250251101037,250251101037,"Block Group 7, Census Tract 1101.03, Suffolk County, Massachusetts",1088,488
1500000US250251102011,250251102011,"Block Group 1, Census Tract 1102.01, Suffolk County, Massachusetts",2512,226
1500000US250251103011,250251103011,"Block Group 1, Census Tract 1103.01, Suffolk County, Massachusetts",1262,234
1500000US250251103012,250251103012,"Block Group 2, Census Tract 1103.01, Suffolk County, Massachusetts",1429,197
1500000US250251104011,250251104011,"Block Group 1, Census Tract 1104.01, Suffolk County, Massachusetts",1564,330
1500000US250251104012,250251104012,"Block Group 2, Census Tract 1104.01, Suffolk County, Massachusetts",2204,370
1500000US250251104031,250251104031,"Block Group 1, Census Tract 1104.03, Suffolk County, Massachusetts",1302,341
1500000US250251104032,250251104032,"Block Group 2, Census Tract 1104.03, Suffolk County, Massachusetts",932,287
1500000US250251104033,250251104033,"Block Group 3, Census Tract 1104.03, Suffolk County, Massachusetts",494,203
1500000US250251104034,250251104034,"Block Group 4, Census Tract 1104.03, Suffolk County, Massachusetts",970,218
1500000US250251104035,250251104035,"Block Group 5, Census Tract 1104.03, Suffolk County, Massachusetts",806,260
1500000US250251105011,250251105011,"Block Group 1, Census Tract 1105.01, Suffolk County, Massachusetts",1165,309
1500000US250251105012,250251105012,"Block Group 2, Census Tract 1105.01, Suffolk County, Massachusetts",1379,241
1500000US250251105013,250251105013,"Block Group 3, Census Tract 1105.01, Suffolk County, Massachusetts",1000,208
1500000US250251105021,250251105021,"Block Group 1, Census Tract 1105.02, Suffolk County, Massachusetts",1741,465
1500000US250251105022,250251105022,"Block Group 2, Census Tract 1105.02, Suffolk County, Massachusetts",2344,400
1500000US250251105023,250251105023,"Block Group 3, Census Tract 1105.02, Suffolk County, Massachusetts",571,178
1500000US250251106011,250251106011,"Block Group 1, Census Tract 1106.01, Suffolk County, Massachusetts",1916,231
1500000US250251106012,250251106012,"Block Group 2, Census Tract 1106.01, Suffolk County, Massachusetts",1075,216
1500000US250251106071,250251106071,"Block Group 1, Census Tract 1106.07, Suffolk County, Massachusetts",857,267
1500000US250251106072,250251106072,"Block Group 2, Census Tract 1106.07, Suffolk County, Massachusetts",1696,327
1500000US250251106073,250251106073,"Block Group 3, Census Tract 1106.07, Suffolk County, Massachusetts",1803,395
1500000US250251106074,250251106074,"Block Group 4, Census Tract 1106.07, Suffolk County, Massachusetts",996,198
1500000US250251201031,250251201031,"Block Group 1, Census Tract 1201.03, Suffolk County, Massachusetts",1700,155
1500000US250251201041,250251201041,"Block Group 1, Census Tract 1201.04, Suffolk County, Massachusetts",531,140
1500000US250251201042,250251201042,"Block Group 2, Census Tract 1201.04, Suffolk County, Massachusetts",906,176
1500000US250251201043,250251201043,"Block Group 3, Census Tract 1201.04, Suffolk County, Massachusetts",866,170
1500000US250251201051,250251201051,"Block Group 1, Census Tract 1201.05, Suffolk County, Massachusetts",1181,451
1500000US250251201052,250251201052,"Block Group 2, Census Tract 1201.05, Suffolk County, Massachusetts",1022,138
1500000US250251201053,250251201053,"Block Group 3, Census Tract 1201.05, Suffolk County, Massachusetts",553,114
1500000US250251202011,250251202011,"Block Group 1, Census Tract 1202.01, Suffolk County, Massachusetts",1350,243
1500000US250251202012,250251202012,"Block Group 2, Census Tract 1202.01, Suffolk County, Massachusetts",1965,291
1500000US250251202013,250251202013,"Block Group 3, Census Tract 1202.01, Suffolk County, Massachusetts",462,114
1500000US250251203011,250251203011,"Block Group 1, Census Tract 1203.01, Suffolk County, Massachusetts",1397,383
1500000US250251203012,250251203012,"Block Group 2, Census Tract 1203.01, Suffolk County, Massachusetts",1109,316
1500000US250251203013,250251203013,"Block Group 3, Census Tract 1203.01, Suffolk County, Massachusetts",1509,350
1500000US250251203014,250251203014,"Block Group 4, Census Tract 1203.01, Suffolk County, Massachusetts",1248,281
1500000US250251204001,250251204001,"Block Group 1, Census Tract 1204, Suffolk County, Massachusetts",873,307
1500000US250251204002,250251204002,"Block Group 2, Census Tract 1204, Suffolk County, Massachusetts",897,213
1500000US250251204003,250251204003,"Block Group 3, Census Tract 1204, Suffolk County, Massachusetts",1282,519
1500000US250251204004,250251204004,"Block Group 4, Census Tract 1204, Suffolk County, Massachusetts",1740,451
1500000US250251204005,250251204005,"Block Group 5, Census Tract 1204, Suffolk County, Massachusetts",1532,316
1500000US250251205001,250251205001,"Block Group 1, Census Tract 1205, Suffolk County, Massachusetts",789,213
1500000US250251205002,250251205002,"Block Group 2, Census Tract 1205, Suffolk County, Massachusetts",918,201
1500000US250251205003,250251205003,"Block Group 3, Census Tract 1205, Suffolk County, Massachusetts",978,226
1500000US250251206001,250251206001,"Block Group 1, Census Tract 1206, Suffolk County, Massachusetts",768,162
1500000US250251206002,250251206002,"Block Group 2, Census Tract 1206, Suffolk County, Massachusetts",698,138
1500000US250251206003,250251206003,"Block Group 3, Census Tract 1206, Suffolk County, Massachusetts",847,207
1500000US250251207001,250251207001,"Block Group 1, Census Tract 1207, Suffolk County, Massachusetts",964,230
1500000US250251207002,250251207002,"Block Group 2, Census Tract 1207, Suffolk County, Massachusetts",1327,167
1500000US250251301001,250251301001,"Block Group 1, Census Tract 1301, Suffolk County, Massachusetts",991,325
1500000US250251301002,250251301002,"Block Group 2, Census Tract 1301, Suffolk County, Massachusetts",1785,427
1500000US250251301003,250251301003,"Block Group 3, Census Tract 1301, Suffolk County, Massachusetts",773,283
1500000US250251301004,250251301004,"Block Group 4, Census Tract 1301, Suffolk County, Massachusetts",671,327
1500000US250251301005,250251301005,"Block Group 5, Census Tract 1301, Suffolk County, Massachusetts",1129,572
1500000US250251301006,250251301006,"Block Group 6, Census Tract 1301, Suffolk County, Massachusetts",226,124
1500000US250251301007,250251301007,"Block Group 7, Census Tract 1301, Suffolk County, Massachusetts",1057,421
1500000US250251302001,250251302001,"Block Group 1, Census Tract 1302, Suffolk County, Massachusetts",763,217
1500000US250251302002,250251302002,"Block Group 2, Census Tract 1302, Suffolk County, Massachusetts",1240,246
1500000US250251302003,250251302003,"Block Group 3, Census Tract 1302, Suffolk County, Massachusetts",1581,273
1500000US250251302004,250251302004,"Block Group 4, Census Tract 1302, Suffolk County, Massachusetts",740,186
1500000US250251302005,250251302005,"Block Group 5, Census Tract 1302, Suffolk County, Massachusetts",945,214
1500000US250251303001,250251303001,"Block Group 1, Census Tract 1303, Suffolk County, Massachusetts",759,211
1500000US250251303002,250251303002,"Block Group 2, Census Tract 1303, Suffolk County, Massachusetts",1110,279
1500000US250251303003,250251303003,"Block Group 3, Census Tract 1303, Suffolk County, Massachusetts",717,205
1500000US250251303004,250251303004,"Block Group 4, Census Tract 1303, Suffolk County, Massachusetts",1373,324
1500000US250251303005,250251303005,"Block Group 5, Census Tract 1303, Suffolk County, Massachusetts",732,225
1500000US250251304021,250251304021,"Block Group 1, Census Tract 1304.02, Suffolk County, Massachusetts",1145,394
1500000US250251304022,250251304022,"Block Group 2, Census Tract 1304.02, Suffolk County, Massachusetts",948,294
1500000US250251304023,250251304023,"Block Group 3, Census Tract 1304.02, Suffolk County, Massachusetts",905,306
1500000US250251304024,250251304024,"Block Group 4, Census Tract 1304.02, Suffolk County, Massachusetts",1158,231
1500000US250251304025,250251304025,"Block Group 5, Census Tract 1304.02, Suffolk County, Massachusetts",922,309
1500000US250251304041,250251304041,"Block Group 1, Census Tract 1304.04, Suffolk County, Massachusetts",2209,449
1500000US250251304042,250251304042,"Block Group 2, Census Tract 1304.04, Suffolk County, Massachusetts",632,276
1500000US250251304043,250251304043,"Block Group 3, Census Tract 1304.04, Suffolk County, Massachusetts",417,163
1500000US250251304061,250251304061,"Block Group 1, Census Tract 1304.06, Suffolk County, Massachusetts",2667,490
1500000US250251304062,250251304062,"Block Group 2, Census Tract 1304.06, Suffolk County, Massachusetts",2715,613
1500000US250251304063,250251304063,"Block Group 3, Census Tract 1304.06, Suffolk County, Massachusetts",629,206
1500000US250251401021,250251401021,"Block Group 1, Census Tract 1401.02, Suffolk County, Massachusetts",1523,482
1500000US250251401022,250251401022,"Block Group 2, Census Tract 1401.02, Suffolk County, Massachusetts",1407,318
1500000US250251401023,250251401023,"Block Group 3, Census Tract 1401.02, Suffolk County, Massachusetts",950,280
1500000US250251401024,250251401024,"Block Group 4, Census Tract 1401.02, Suffolk County, Massachusetts",1386,320
1500000US250251401051,250251401051,"Block Group 1, Census Tract 1401.05, Suffolk County, Massachusetts",2742,406
1500000US250251401052,250251401052,"Block Group 2, Census Tract 1401.05, Suffolk County, Massachusetts",1407,429
1500000US250251401061,250251401061,"Block Group 1, Census Tract 1401.06, Suffolk County, Massachusetts",1361,250
1500000US250251401062,250251401062,"Block Group 2, Census Tract 1401.06, Suffolk County, Massachusetts",818,172
1500000US250251401071,250251401071,"Block Group 1, Census Tract 1401.07, Suffolk County, Massachusetts",2003,283
1500000US250251401072,250251401072,"Block Group 2, Census Tract 1401.07, Suffolk County, Massachusetts",685,173
1500000US250251402011,250251402011,"Block Group 1, Census Tract 1402.01, Suffolk County, Massachusetts",1026,253
1500000US250251402012,250251402012,"Block Group 2, Census Tract 1402.01, Suffolk County, Massachusetts",1321,280
1500000US250251402021,250251402021,"Block Group 1, Census Tract 1402.02, Suffolk County, Massachusetts",1114,322
1500000US250251402022,250251402022,"Block Group 2, Census Tract 1402.02, Suffolk County, Massachusetts",1589,453
1500000US250251402023,250251402023,"Block Group 3, Census Tract 1402.02, Suffolk County, Massachusetts",1290,349
1500000US250251402024,250251402024,"Block Group 4, Census Tract 1402.02, Suffolk County, Massachusetts",1818,379
1500000US250251402025,250251402025,"Block Group 5, Census Tract 1402.02, Suffolk County, Massachusetts",714,196
1500000US250251403001,250251403001,"Block Group 1, Census Tract 1403, Suffolk County, Massachusetts",1066,425
1500000US250251403002,250251403002,"Block Group 2, Census Tract 1403, Suffolk County, Massachusetts",1214,427
1500000US250251403003,250251403003,"Block Group 3, Census Tract 1403, Suffolk County, Massachusetts",1928,555
1500000US250251403004,250251403004,"Block Group 4, Census Tract 1403, Suffolk County, Massachusetts",672,341
1500000US250251403005,250251403005,"Block Group 5, Census Tract 1403, Suffolk County, Massachusetts",1701,486
1500000US250251403006,250251403006,"Block Group 6, Census Tract 1403, Suffolk County, Massachusetts",780,301
1500000US250251404001,250251404001,"Block Group 1, Census Tract 1404, Suffolk County, Massachusetts",408,207
1500000US250251404002,250251404002,"Block Group 2, Census Tract 1404, Suffolk County, Massachusetts",1062,358
1500000US250251404003,250251404003,"Block Group 3, Census Tract 1404, Suffolk County, Massachusetts",1303,417
1500000US250251404004,250251404004,"Block Group 4, Census Tract 1404, Suffolk County, Massachusetts",515,230
1500000US250251404005,250251404005,"Block Group 5, Census Tract 1404, Suffolk County, Massachusetts",1996,632
1500000US250251404006,250251404006,"Block Group 6, Census Tract 1404, Suffolk County, Massachusetts",2360,632
1500000US250251404007,250251404007,"Block Group 7, Census Tract 1404, Suffolk County, Massachusetts",1106,433
1500000US250251601011,250251601011,"Block Group 1, Census Tract 1601.01, Suffolk County, Massachusetts",2071,686
1500000US250251601012,250251601012,"Block Group 2, Census Tract 1601.01, Suffolk County, Massachusetts",2123,604
1500000US250251601013,250251601013,"Block Group 3, Census Tract 1601.01, Suffolk County, Massachusetts",1993,613
1500000US250251601014,250251601014,"Block Group 4, Census Tract 1601.01, Suffolk County, Massachusetts",1933,674
1500000US250251601015,250251601015,"Block Group 5, Census Tract 1601.01, Suffolk County, Massachusetts",1166,650
1500000US250251602001,250251602001,"Block Group 1, Census Tract 1602, Suffolk County, Massachusetts",1868,442
1500000US250251602002,250251602002,"Block Group 2, Census Tract 1602, Suffolk County, Massachusetts",790,242
1500000US250251602003,250251602003,"Block Group 3, Census Tract 1602, Suffolk County, Massachusetts",1699,570
1500000US250251603001,250251603001,"Block Group 1, Census Tract 1603, Suffolk County, Massachusetts",1848,216
1500000US250251603002,250251603002,"Block Group 2, Census Tract 1603, Suffolk County, Massachusetts",628,295
1500000US250251604001,250251604001,"Block Group 1, Census Tract 1604, Suffolk County, Massachusetts",1435,265
1500000US250251604002,250251604002,"Block Group 2, Census Tract 1604, Suffolk County, Massachusetts",1619,292
1500000US250251605011,250251605011,"Block Group 1, Census Tract 1605.01, Suffolk County, Massachusetts",2251,471
1500000US250251605012,250251605012,"Block Group 2, Census Tract 1605.01, Suffolk County, Massachusetts",799,286
1500000US250251605013,250251605013,"Block Group 3, Census Tract 1605.01, Suffolk County, Massachusetts",280,137
1500000US250251605014,250251605014,"Block Group 4, Census Tract 1605.01, Suffolk County, Massachusetts",967,345
1500000US250251605015,250251605015,"Block Group 5, Census Tract 1605.01, Suffolk County, Massachusetts",848,328
1500000US250251605021,250251605021,"Block Group 1, Census Tract 1605.02, Suffolk County, Massachusetts",1740,353
1500000US250251605022,250251605022,"Block Group 2, Census Tract 1605.02, Suffolk County, Massachusetts",2055,597
1500000US250251605023,250251605023,"Block Group 3, Census Tract 1605.02, Suffolk County, Massachusetts",1037,345
1500000US250251606011,250251606011,"Block Group 1, Census Tract 1606.01, Suffolk County, Massachusetts",2466,482
1500000US250251606012,250251606012,"Block Group 2, Census Tract 1606.01, Suffolk County, Massachusetts",2367,570
1500000US250251606021,250251606021,"Block Group 1, Census Tract 1606.02, Suffolk County, Massachusetts",1584,473
1500000US250251606022,250251606022,"Block Group 2, Census Tract 1606.02, Suffolk County, Massachusetts",645,246
1500000US250251606023,250251606023,"Block Group 3, Census Tract 1606.02, Suffolk County, Massachusetts",658,268
1500000US250251606024,250251606024,"Block Group 4, Census Tract 1606.02, Suffolk County, Massachusetts",1257,334
1500000US250251606025,250251606025,"Block Group 5, Census Tract 1606.02, Suffolk County, Massachusetts",1145,428
1500000US250251701001,250251701001,"Block Group 1, Census Tract 1701, Suffolk County, Massachusetts",1410,350
1500000US250251701002,250251701002,"Block Group 2, Census Tract 1701, Suffolk County, Massachusetts",1510,538
1500000US250251701003,250251701003,"Block Group 3, Census Tract 1701, Suffolk County, Massachusetts",778,270
1500000US250251701004,250251701004,"Block Group 4, Census Tract 1701, Suffolk County, Massachusetts",636,253
1500000US250251701005,250251701005,"Block Group 5, Census Tract 1701, Suffolk County, Massachusetts",1222,409
1500000US250251701006,250251701006,"Block Group 6, Census Tract 1701, Suffolk County, Massachusetts",726,288
1500000US250251701007,250251701007,"Block Group 7, Census Tract 1701, Suffolk County, Massachusetts",1189,399
1500000US250251702001,250251702001,"Block Group 1, Census Tract 1702, Suffolk County, Massachusetts",963,238
1500000US250251702002,250251702002,"Block Group 2, Census Tract 1702, Suffolk County, Massachusetts",2281,570
1500000US250251702003,250251702003,"Block Group 3, Census Tract 1702, Suffolk County, Massachusetts",776,403
1500000US250251702004,250251702004,"Block Group 4, Census Tract 1702, Suffolk County, Massachusetts",1302,239
1500000US250251703001,250251703001,"Block Group 1, Census Tract 1703, Suffolk County, Massachusetts",1666,418
1500000US250251703002,250251703002,"Block Group 2, Census Tract 1703, Suffolk County, Massachusetts",816,401
1500000US250251703003,250251703003,"Block Group 3, Census Tract 1703, Suffolk County, Massachusetts",802,273
1500000US250251703004,250251703004,"Block Group 4, Census Tract 1703, Suffolk County, Massachusetts",1799,463
1500000US250251703005,250251703005,"Block Group 5, Census Tract 1703, Suffolk County, Massachusetts",1519,452
1500000US250251703006,250251703006,"Block Group 6, Census Tract 1703, Suffolk County, Massachusetts",1523,531
1500000US250251703007,250251703007,"Block Group 7, Census Tract 1703, Suffolk County, Massachusetts",681,369
1500000US250251704001,250251704001,"Block Group 1, Census Tract 1704, Suffolk County, Massachusetts",1358,421
1500000US250251704002,250251704002,"Block Group 2, Census Tract 1704, Suffolk County, Massachusetts",1331,486
1500000US250251704003,250251704003,"Block Group 3, Census Tract 1704, Suffolk County, Massachusetts",1354,451
1500000US250251704004,250251704004,"Block Group 4, Census Tract 1704, Suffolk County, Massachusetts",2441,487
1500000US250251705011,250251705011,"Block Group 1, Census Tract 1705.01, Suffolk County, Massachusetts",2222,335
1500000US250251705012,250251705012,"Block Group 2, Census Tract 1705.01, Suffolk County, Massachusetts",1318,298
1500000US250251705021,250251705021,"Block Group 1, Census Tract 1705.02, Suffolk County, Massachusetts",1015,250
1500000US250251705022,250251705022,"Block Group 2, Census Tract 1705.02, Suffolk County, Massachusetts",1637,175
1500000US250251706011,250251706011,"Block Group 1, Census Tract 1706.01, Suffolk County, Massachusetts",1396,336
1500000US250251706012,250251706012,"Block Group 2, Census Tract 1706.01, Suffolk County, Massachusetts",1658,423
1500000US250251706013,250251706013,"Block Group 3, Census Tract 1706.01, Suffolk County, Massachusetts",1182,318
1500000US250251706014,250251706014,"Block Group 4, Census Tract 1706.01, Suffolk County, Massachusetts",1335,555
1500000US250251707011,250251707011,"Block Group 1, Census Tract 1707.01, Suffolk County, Massachusetts",738,174
1500000US250251707012,250251707012,"Block Group 2, Census Tract 1707.01, Suffolk County, Massachusetts",1330,224
1500000US250251707021,250251707021,"Block Group 1, Census Tract 1707.02, Suffolk County, Massachusetts",896,386
1500000US250251707022,250251707022,"Block Group 2, Census Tract 1707.02, Suffolk County, Massachusetts",999,453
1500000US250251707023,250251707023,"Block Group 3, Census Tract 1707.02, Suffolk County, Massachusetts",1606,634
1500000US250251707024,250251707024,"Block Group 4, Census Tract 1707.02, Suffolk County, Massachusetts",1251,577
1500000US250251707025,250251707025,"Block Group 5, Census Tract 1707.02, Suffolk County, Massachusetts",1292,573
1500000US250251708001,250251708001,"Block Group 1, Census Tract 1708, Suffolk County, Massachusetts",1976,557
1500000US250251708002,250251708002,"Block Group 2, Census Tract 1708, Suffolk County, Massachusetts",1161,358
1500000US250251708003,250251708003,"Block Group 3, Census Tract 1708, Suffolk County, Massachusetts",1211,457
1500000US250251708004,250251708004,"Block Group 4, Census Tract 1708, Suffolk County, Massachusetts",1546,896
1500000US250251801011,250251801011,"Block Group 1, Census Tract 1801.01, Suffolk County, Massachusetts",1350,564
1500000US250251801012,250251801012,"Block Group 2, Census Tract 1801.01, Suffolk County, Massachusetts",1248,373
1500000US250251801013,250251801013,"Block Group 3, Census Tract 1801.01, Suffolk County, Massachusetts",2403,488
1500000US250251802001,250251802001,"Block Group 1, Census Tract 1802, Suffolk County, Massachusetts",1183,283
1500000US250251802002,250251802002,"Block Group 2, Census Tract 1802, Suffolk County, Massachusetts",641,197
1500000US250251802003,250251802003,"Block Group 3, Census Tract 1802, Suffolk County, Massachusetts",807,285
1500000US250251802004,250251802004,"Block Group 4, Census Tract 1802, Suffolk County, Massachusetts",1422,338
1500000US250251803011,250251803011,"Block Group 1, Census Tract 1803.01, Suffolk County, Massachusetts",569,171
1500000US250251803012,250251803012,"Block Group 2, Census Tract 1803.01, Suffolk County, Massachusetts",977,277
1500000US250251803013,250251803013,"Block Group 3, Census Tract 1803.01, Suffolk County, Massachusetts",734,198
1500000US250251803014,250251803014,"Block Group 4, Census Tract 1803.01, Suffolk County, Massachusetts",793,222
1500000US250251804001,250251804001,"Block Group 1, Census Tract 1804, Suffolk County, Massachusetts",964,155
1500000US250251804002,250251804002,"Block Group 2, Census Tract 1804, Suffolk County, Massachusetts",1086,251
1500000US250251805001,250251805001,"Block Group 1, Census Tract 1805, Suffolk County, Massachusetts",1536,343
1500000US250251805002,250251805002,"Block Group 2, Census Tract 1805, Suffolk County, Massachusetts",625,235
1500000US250251805003,250251805003,"Block Group 3, Census Tract 1805, Suffolk County, Massachusetts",1035,250
1500000US250251805004,250251805004,"Block Group 4, Census Tract 1805, Suffolk County, Massachusetts",1018,204
1500000US250259801011,250259801011,"Block Group 1, Census Tract 9801.01, Suffolk County, Massachusetts",322,303
1500000US250259803001,250259803001,"Block Group 1, Census Tract 9803, Suffolk County, Massachusetts",365,232
1500000US250259807001,250259807001,"Block Group 1, Census Tract 9807, Suffolk County, Massachusetts",8,11
1500000US250259810001,250259810001,"Block Group 1, Census Tract 9810, Suffolk County, Massachusetts",0,12
1500000US250259811001,250259811001,"Block Group 1, Census Tract 9811, Suffolk County, Massachusetts",0,12
1500000US250259811002,250259811002,"Block Group 2, Census Tract 9811, Suffolk County, Massachusetts",0,12
1500000US250259811003,250259811003,"Block Group 3, Census Tract 9811, Suffolk County, Massachusetts",0,12
1500000US250259811004,250259811004,"Block Group 4, Census Tract 9811, Suffolk County, Massachusetts",409,118
1500000US250259812011,250259812011,"Block Group 1, Census Tract 9812.01, Suffolk County, Massachusetts",0,12
1500000US250259812021,250259812021,"Block Group 1, Census Tract 9812.02, Suffolk County, Massachusetts",224,82
1500000US250259813001,250259813001,"Block Group 1, Census Tract 9813, Suffolk County, Massachusetts",0,12
1500000US250259813002,250259813002,"Block Group 2, Census Tract 9813, Suffolk County, Massachusetts",426,137
1500000US250259815011,250259815011,"Block Group 1, Census Tract 9815.01, Suffolk County, Massachusetts",0,12
1500000US250259815021,250259815021,"Block Group 1, Census Tract 9815.02, Suffolk County, Massachusetts",12,12
1500000US250259816001,250259816001,"Block Group 1, Census Tract 9816, Suffolk County, Massachusetts",0,12
1500000US250259817001,250259817001,"Block Group 1, Census Tract 9817, Suffolk County, Massachusetts",0,12
1500000US250259818001,250259818001,"Block Group 1, Census Tract 9818, Suffolk County, Massachusetts",22,18
1500000US250259901010,250259901010,"Block Group 0, Census Tract 9901.01, Suffolk County, Massachusetts",71,108
